{"maxWidth": 1165.2672347017815, "minWidth": 34.22463206816421, "maxDistance": 3894.4119108196737, "minDistance": 277.91305593510504}